post_id	post_date	post_topic_keywords	post_text	labels_a1	labels_a2
353	2022-12	public health	Auguri a tutti i NOVAX che non hanno ceduto neanche di un solo centimetro al regime sanitario di Big Pharma &amp; Company. Mai arrendersi! [URL]	Flag-waving|Name-calling-or-labelling|Slogan	Appeal-to-emotion|Flag-waving|Loaded-language|Name-calling-or-labelling|Slogan|Vagueness
885	2020-05	climate change	#MES repetita iuvant... la #Francia non ha alcun interesse economico a sottoscrivere prestito. Non si capisce perch√© Italia dovrebbe aspettare suo passo. Ricordo che #BCE compra su mkt secondario ... il mkt √® pronto ad assorbire tutta la carta ita in emissione? [URL]	Doubt|Evading-the-burden-of-proof	Doubt|Loaded-language|Vagueness
1244	2019-05	climate change	Grazie [USER] per aver ricordato, durante l‚Äôintervista a [USER], che in ambito politico importa  solo a [USER] della #questioneambientale. [USER] [USER] #giustiziaclimatica	Appeal-to-authority|Appeal-to-emotion|Flag-waving|Hasty-generalization|Slogan	Appeal-to-authority|Appeal-to-emotion|Hasty-generalization|Slogan
451	2021-10	migration	Di quando con gli idranti si sgomberavano i rifugiati e nessuno alzava un dito   #piazzaindipendenza #roma [URL]	Loaded-language|Vagueness	Loaded-language|Vagueness
1029	2020-07	public health	Migliaia di coppie binazionali, a causa del covid, sono state separate dalla chiusura delle frontiere. Famiglie che aspettano risposte e vogliono tornare a vedersi, con tutti i controlli sanitari. #LoveIsNotTourism [URL]	Appeal-to-emotion|Slogan|Vagueness	Appeal-to-emotion|Slogan|Vagueness
257	2022-02	public health	Il mondo ha bisogno di #pace, di cure per chi #soffre. Cosa abbiamo imparato dalla pandemia?  Come diceva #AlbertEinstein: ‚ÄúLa guerra non si pu√≤ umanizzare, si pu√≤ solo abolire.‚Äù [URL]	Appeal-to-authority|Appeal-to-emotion|Doubt	Appeal-to-authority|Appeal-to-emotion|False-dilemma
1077	2020-12	public health	Ad un medico di famiglia no-vax una ASL piemontese ha tagliato lo stipendio per le sue teorie anti-scientifiche diffuse tra i suoi pazienti. Ed √® pure indagato per procurato allarme.  Io mi chiedo: ma come fa un medico ad essere contrario a cure e vaccini? Ma dove stiamo finendo?	Doubt|Name-calling-or-labelling|Slippery-slope	Appeal-to-emotion|Doubt|Evading-the-burden-of-proof|Name-calling-or-labelling
1062	2020-11	public health	#GinoStrada commissario per la Sanit√† in Calabria?  Il governo √® al terzo tentativo: dopo l'inadeguato era arrivato il trombato. Adesso il raccomandato?  Di male in peggio.	Doubt|Name-calling-or-labelling|Thought-terminating-cliches|Vagueness	Appeal-to-emotion|Doubt|Name-calling-or-labelling|Thought-terminating-cliches|Vagueness
761	2020-05	migration	In Aula per l‚Äôinformativa del presidente Conte. I cittadini pretendono risposte da un governo che ancora non ha pagato #cassaintegrazione a 2,6 milioni di italiani n√© #bonus600euro a 1 milione di lavoratori autonomi. E intanto pensa a sanatorie immigrati e a moltiplicare poltrone [URL]	Loaded-language|Red-herring	Evading-the-burden-of-proof|Loaded-language|Red-herring|Vagueness
213	2022-10	climate change	Ed anche l'unico negozio di alimentari che c'era qui in paese ha definitivamente chiuso, la desertificazione prosegueüôÑ	Appeal-to-emotion	Appeal-to-emotion
1331	2019-02	public health	Scusate, governo dei fasci e delle corporazioni. Quando la fate una legge che vieti ai giornali di uscire il luned√¨, cos√¨ finalmente noi poveri giornalisti potremo passare la domenica in famiglia? (Ah, e gli ospedali aperti la domenica, siamo matti?)	Appeal-to-emotion|Doubt|Flag-waving|Hasty-generalization|Name-calling-or-labelling	Appeal-to-emotion|Doubt|Flag-waving|Hasty-generalization|Loaded-language|Name-calling-or-labelling
1365	2019-05	public health	Commuove scoprire due farfalle bianche volare sopra i celebri carcerati di Van Gogh: una speranza di libert√† valida per ogni forma di prigionia.  La tela - dipinta dall‚Äôartista nel 1890 durante la sua degenza al manicomio di Saint-R√©my - √® tratta da un‚Äôincisione di Gustave Dor√©. [URL]	Appeal-to-emotion|Hasty-generalization	Appeal-to-emotion|Hasty-generalization
385	2021-03	migration	"#migranti, [USER] ospite di [USER] racconta il progetto ""Non solo pane"" che ha visto la Federazione impegnata, insieme a [USER], [USER] e Chiese Evangeliche, a supporto dei progetti della #CroceRossa di #bihaƒá, in Bosnia.    ‚û°Ô∏è[URL] [URL]"		
745	2020-03	migration	Quello che sta succedendo a Lesbo in queste ore √® gravissimo. I colleghi che sono l√¨ raccontano di ronde per strada, aggressioni a migranti e attivisti.   √à una crisi annunciata, figlia di una serie di decisioni politiche sbagliate #lesbo #Lesvos #Turchia	Appeal-to-emotion|Loaded-language|Vagueness	Appeal-to-emotion|Loaded-language|Vagueness
73	2022-08	migration	La sinistra non riesce ancora a distinguere tra profughi ed immigrati irregolari , noi non siamo contro di loro ma contro chi li sfrutta ! [URL]	Flag-waving|Name-calling-or-labelling|Vagueness	Flag-waving|Name-calling-or-labelling|Vagueness
219	2022-10	climate change	Ieri, 24 ottobre, a Siracusa si registravano 33 gradi. Ripeto, 33 gradi il 24 di ottobre. Non facciamoci fregare: questo non √® bel tempo. #CambiamentoClimatico [URL]	Loaded-language|Vagueness	Loaded-language
144	2022-03	climate change	Immaginate se il goal di #lautaromartinez l'avesse fatto #Vlahovic inondazioni di seghe mentali #Inter #LiverpoolInter #ChampionsLeague	Loaded-language	Loaded-language
1221	2019-03	climate change	#FridaysForFuture Ho voluto salutare i ragazzi che manifestavano a [USER] per il clima. C‚Äô√® molta strada da fare. E la faremo tutti insieme con un unico obiettivo: il futuro del pianeta dipende da noi: [URL] #YouthStrike4Climate  #ClimateStrike  #GretaThunberg [URL]	Appeal-to-emotion|Flag-waving	Appeal-to-emotion
379	2021-02	migration	Su omotransfobia, legalizzazione cannabis e riforma cittadinanza lavora il Parlamento da inizio legislatura. Su eutanasia e riforma immigrazione 2 proposte di iniziativa popolare ignorate da anni. Se queste cose non si fanno √® una scelta dei parlamentari, prescindendo dal governo	Evading-the-burden-of-proof|False-analogy|Hasty-generalization	Evading-the-burden-of-proof|False-analogy|Hasty-generalization
1424	2019-11	public health	Francamente sentire qualcuno sostenere che i cadaveri trovati ad Auschwitz furono dovuti a una epidemia di tifo  e che l'Olocausto non √® mai esistito, fa rabbrividire, non mi consola capire che √® un pazzo furioso, penso a Liliana Segre e mi sento male. MALE.   #Piazzapulita	Ad-hominem|Appeal-to-emotion|Evading-the-burden-of-proof|Loaded-language|Vagueness	Ad-hominem|Appeal-to-emotion|Evading-the-burden-of-proof|Loaded-language|Vagueness
402	2021-05	migration	Rimettete Salvini al Viminale, √® l‚Äôunico capace di governare l‚Äôarrivo dei migranti.	Evading-the-burden-of-proof	Loaded-language|Vagueness
1146	2019-07	migration	Ah, ecco... üò¨ Poi il problema sono per√≤ i migranti, vero [USER]??? ü§ê  Enzo Misiano: il consigliere di Fratelli d‚ÄôItalia arrestato per ‚Äòndrangheta [URL]	Appeal-to-emotion|Cherry-picking|Loaded-language|Name-calling-or-labelling|Red-herring|Strawman	Appeal-to-emotion|Doubt|Loaded-language|Red-herring|Strawman
1316	2019-12	climate change	C‚Äô√® la ‚Äúpolitica‚Äù delle stanze dei coltelli, del fumo, dell‚Äôarroganza... E c‚Äô√® la Politica. Quella che vola alto, pensando al futuro, al bene di tutti. Quella che tesse reti senza dietrologie, per gli obiettivi importanti. A [USER] √® stata dichiarata #emergenzaClimatica [URL]	Appeal-to-emotion|False-dilemma|Loaded-language|Name-calling-or-labelling|Vagueness	Appeal-to-emotion|False-dilemma|Loaded-language|Name-calling-or-labelling|Vagueness
48	2022-05	migration	"#Draghi: ""Abbiamo gi√† stanziato pi√π di 1 mld ‚Ç¨ per i rifugiati ucraini in Italia"". #conferenzastampa [URL]"		
43	2022-05	migration	L‚ÄôItalia √® quel paese dove la #solidariet√† verso i #rifugiati #ucraini ha evidenziato tutto il #razzismo di parte degli #italiani verso i #rifugiati di altri paesi. Da italiano provo tanta vergogna‚Ä¶e voi ?!	Appeal-to-emotion|False-analogy|Hasty-generalization|Name-calling-or-labelling|Vagueness	Appeal-to-emotion|Hasty-generalization|Name-calling-or-labelling|Vagueness
1033	2020-08	public health	Massima fiducia nella Russia di #putin che testa vaccino pure sulla figlia, io per√≤ preferisco attendere vaccino europeo, Usa o Israeliano....	Appeal-to-emotion|Evading-the-burden-of-proof|False-analogy	Evading-the-burden-of-proof|Loaded-language
1245	2019-05	climate change	L'Unione Europea, seguendo il programma dei Verdi Europei, metta da subito in agenda la questione dell‚Äôemergenza climatica. Oggi siamo in piazza ai #FridaysForFuture, per seguire l'esempio di #GretaThunberg e adeguare la politica alle sue richieste [USER] [URL]		Flag-waving
779	2020-06	migration	Arrestato il prete della Caritas: truffava sui 35 euro agli immigrati, Caritas sotto inchiesta [URL]		
953	2020-12	climate change	Ho appena visitato il cantiere delle paratie di #Como. Un progetto tanto atteso dalla citt√† che avr√† la sua barriera contro l'esondazione del lago.  Finalmente i lavori procedono spediti. [URL]	Appeal-to-emotion	Appeal-to-emotion
268	2022-03	public health	Ottavio De Luca Reggente Filca Cisl Campania pone l'attenzione sul caro materiali edili,lo spettro della cassa integrazione,la pandemia e ora la guerra in Ucraina, un mix che pare configurarsi come una congiura soprattutto per il settore Edile. [USER] [URL]	Loaded-language	Loaded-language
1431	2019-12	public health	Girando ospedali in questo periodo ho capito quanto √® importante godersi ogni attimo di vita... Abbiamo un tempo a scadenza cerchiamo di non sprecarlo	Appeal-to-emotion	Appeal-to-emotion
648	2021-05	public health	Gli effetti del vaccino sui trentenni - da Il Fatto Quotidiano #vaccino #covid #AstraZeneca #trentenni [USER] #webcomic #fumettiitaliani #vignetta #fumetto #memeitaliani #umorismo #satira #humor #natangelo [URL]		
1	2022-01	migration	L‚Äôalgoritmo mi ripropone queste immagini che ho scattato a Belgrado nel gennaio 2017.  Rifugiati (molti minori afgani), -15gradi, accesso vietato alle ong per portare aiuti.   Ovvero come la Serbia, che protesta per #Djokovic, ha trattato per mesi le persone su #rottabalcanica [URL]	Appeal-to-authority|Cherry-picking	Hasty-generalization
1235	2019-04	climate change	#Bentivogli #Matera pu√≤ rappresentare il nuovo paradigma per il Mezzogiorno che incrocia cultura e industria dentro una chiave di sviluppo sostenibile.  La sperimentazione #5G pu√≤ rappresentare in questo senso, una delle infrastrutture chiave per mettere insieme lavoro e cultura [URL]	Appeal-to-emotion|Loaded-language	Loaded-language|Vagueness
46	2022-05	migration	Leggo che Giorgia Meloni √® indignata per la morte orribile di questa ragazza. Per√≤ se provava a fuggire in Italia l'avrebbe considerata una immigrata che invade il nostro paese da bloccare non essendo ariana come gli ucraini #ipocrisia [URL]	Appeal-to-emotion|Flag-waving|Hasty-generalization|Loaded-language|Name-calling-or-labelling	Appeal-to-emotion|Hasty-generalization|Loaded-language|Name-calling-or-labelling|Vagueness
1049	2020-09	public health	#Milano, #Mattarella üáÆüáπ: Vorrei anche ringraziare il Presidente #Steinmeier per la posizione della #Germania nell‚ÄôUnione europea nell‚Äôambito dell‚Äôemergenza e delle conseguenze economiche sociali succedute alla pandemia [URL]		
1108	2019-03	migration	In üá´üá∑ immigrati arabi molestano sessualmente una bambina cinese di 4 ANNI  La bambina viene circondata dagli immigrati, e uno di loro dice ‚Äúvuoi il mio uccello nella tua xxxx?‚Äù Quando la bimba inizia a piangere, dice ‚Äúva bene,smetti di piangere. Sul Corano, Wallah, ti scoxxr√≥‚Äù [URL]	Loaded-language|Name-calling-or-labelling	Loaded-language|Name-calling-or-labelling
798	2020-08	migration	proprio non li sopporto pi√π questi migranti in discoteca senza mascherina e pieni di #Covid_19. Prima gli italiani in discoteca!!!! Poverini si devono svagare dopo il lockdown...Per i selfie ricevo 24/7  anche #Ferragosto bacioni	Appeal-to-emotion|Flag-waving|Hasty-generalization|Loaded-language|Name-calling-or-labelling|Strawman	Appeal-to-emotion|Flag-waving|Hasty-generalization|Loaded-language|Name-calling-or-labelling|Red-herring|Vagueness
1254	2019-06	climate change	Ogni estate alla prima pioggia ritornano puntuali gli stessi disagi causati dall‚Äôesondazione del fiume #Seveso üåä  Questo √® il Modello #Milano caro al Sindaco [USER]? Evidentemente la Giunta adesso si focalizza solo sui rincari #Atm e il resto pu√≤ aspettare... ü§¶üèª‚Äç‚ôÇÔ∏è [URL]	Appeal-to-emotion|Doubt|Evading-the-burden-of-proof|Hasty-generalization|Vagueness	Appeal-to-emotion|Doubt|False-analogy|Hasty-generalization|Vagueness
808	2020-09	migration	A Palazzo Chigi per discutere dell‚Äô#emergenza #migranti  #Sicilia #Italia #governoMusumeci [USER] [USER] [URL]		
373	2021-02	migration	Vari commentatori in tv ripetono che il nuovo governo dovr√† capire come gestire ‚Äúl‚Äôenorme problema immigrazione‚Äù, evidentemente senza avere la minima contezza del fenomeno negli ultimi anni  Poi se parliamo di propaganda vs realt√†, allora s√¨, il problema √® enorme  #GovernoDraghi	Evading-the-burden-of-proof|Hasty-generalization|Loaded-language|Red-herring|Vagueness	Hasty-generalization|Loaded-language|Red-herring|Vagueness
237	2022-12	climate change	Ma poi l'Europa ha deliberato ogni quanto bisogna cambiare le mutande per il cambiamento climatico e tutto il resto ?		Doubt|Loaded-language|Vagueness
640	2021-04	public health	#evviva Dalle 6 di ieri mattina alle 6 di questa mattina sono state fatte 450 mila 678 somministrazioni di vaccino in tutta Italia. #avantitutta	Appeal-to-emotion|Slogan	Appeal-to-emotion|Slogan
115	2022-12	migration	Lo sfruttamento dei #migranti √® l‚Äôultimo livello di una montagna di schiavismo che opprime la societ√† .. stralcio del mio intervento a #Bergamo in solidariet√† coi #lavoratori caricati dalla polizia SCHIAVI MAI [URL]	Appeal-to-authority|Flag-waving|Hasty-generalization|Loaded-language|Slogan	Appeal-to-authority|Appeal-to-emotion|Loaded-language|Slippery-slope|Slogan
1406	2019-09	public health	Sanit√† italiana. Parlano di aumento delle visite private, ci credo si √® costretti. Se ho ischemie alla testa da tenere monitorate non puoi dirmi che hai posto per la risonanza a GIUGNO 2020. Per un ecografia ad un nodulo alla tiroide non puoi dirmi febbraio 2020. Ma lo fai.. üòîüò°	Appeal-to-emotion|Doubt|Hasty-generalization|Loaded-language|Thought-terminating-cliches|Vagueness	Appeal-to-emotion|Vagueness
228	2022-11	climate change	Concetto non chiarissimo in Italia :l'evasione fiscale scatta con la non emissioni dello scontrino fiscale il pagamento in contanti o con metodi tracciabili non fa alcuna differenza. Ma alcuni imbecilli non ci arrivano.	Evading-the-burden-of-proof|Loaded-language|Name-calling-or-labelling|Thought-terminating-cliches|Vagueness	Loaded-language|Thought-terminating-cliches|Vagueness
1246	2019-05	climate change	Aderiamo alla mobilitazione per chiedere lo stato d'#EmergenzaClimatica come √® accaduto in Regno Unito con decisione del Parlamento. Dobbiamo batterci per salvare la Terra ed il nostro Futuro. Un futuro sostenibile fatto du diritti per tutte e tutti. #TempoScaduto #Clima #2Maggio [URL]	Appeal-to-emotion|Slogan	Appeal-to-emotion|Slogan
119	2022-12	migration	#Livorno accoglie i migranti. A pochi metri dal porto, dove arriveranno domattina alle 7,00, il nostro monumento simbolo ricorda alla citt√† la sua tradizione di apertura a tutti i popoli del Mediterraneo. E oltre... #LifeSupport , #Emergency , #SeaEye4 [URL]		Vagueness
1183	2019-11	migration	Circa 20 euro al giorno per ogni migrante,  mentre ai disabili appena 54 centesimi.  Pensare che un diversamente abile sia economicamente meno considerato degli immigrati in un Paese √® davvero uno SCHIFO.	Appeal-to-emotion|False-analogy|Hasty-generalization|Loaded-language|Name-calling-or-labelling|Vagueness	Appeal-to-emotion|Evading-the-burden-of-proof|False-analogy|Hasty-generalization|Loaded-language|Name-calling-or-labelling
460	2021-10	migration	‚Äú I migranti sono una ricchezza‚Äù #Gurnah #NobelPrizeLiterature		Appeal-to-emotion
1142	2019-07	migration	Gentile signor ministro [USER],  Deborah, la donna uccisa dal compagno, lo aveva denunciato 19(diciannove) volte. Dopo #primairussi #primaimigranti #primaleong #primaicanielepapere potrebbe trovare qualche minuto per occuparsi di #primaledonne e la loro sicurezza?	Appeal-to-emotion|Cherry-picking|Doubt|Loaded-language|Red-herring|Slippery-slope|Slogan|Vagueness	Doubt|Loaded-language|Red-herring|Slippery-slope|Slogan
456	2021-10	migration	Una sinistra ed un governo osceni spendono milioni di euro per gli immigrati, ma continuano a negare i tamponi gratis ai lavoratori  per lavorare...	Appeal-to-emotion|False-analogy|Flag-waving|Vagueness	False-analogy|Loaded-language|Name-calling-or-labelling|Vagueness
1010	2020-05	public health	√à inammissibile che a gestire la pi√π grande crisi sanitaria ed economica della storia della nostra Repubblica sia un illustre sconosciuto che non gode di alcun tipo di legittimazione da parte del popolo sovrano, che non lo ha mai votato in nessun consesso.	Appeal-to-emotion|Flag-waving|Loaded-language|Name-calling-or-labelling	Appeal-to-emotion|Loaded-language|Name-calling-or-labelling|Vagueness
269	2022-03	public health	livello di sanit√† mentale pre derby: sono seduta in macchina da un‚Äôora fuori dallo stadio. üëåüèº [URL]		
265	2022-03	public health	Oggi mi attendono 6 ore li lezione a un master di virologia ambientale. Le epidemie nell'antichit√† dall'Iliade a Giustiniano. Sopravviver√≤? Sopravviveranno?		
632	2021-04	public health	Vaccino stoppato per 6 casi sospetti su 6,8 milioni.   Si potrebbe scrivere un libro sulla societ√† del non-rischio solo partendo da questo fatto.	Hasty-generalization|Name-calling-or-labelling	Evading-the-burden-of-proof|Hasty-generalization|Loaded-language|Name-calling-or-labelling|Vagueness
88	2022-09	migration	Su immigrazione #Calenda stessa posizione e stessa retorica della destra   #mezzorainpiu	Vagueness	Name-calling-or-labelling|Vagueness
500	2021-02	climate change	Non sar√† merito di #Draghi se la domanda per l'emissione del nuovo decennale superer√† i 100 miliardi. Ma immagino che qualcuno lo incenser√† ugualmente.	Doubt|Loaded-language|Thought-terminating-cliches|Vagueness	Loaded-language|Thought-terminating-cliches|Vagueness
846	2020-01	climate change	Secondo gli esperti il blocco del traffico non √® una misura utile per limitare l‚Äôinquinamento atmosferico. A Milano il sindaco Sala pensa di vietare il fumo all‚Äôaperto. Prossimamente, anche il latte di mucca e le bistecche? ü•© [URL]	Doubt|Evading-the-burden-of-proof|Slippery-slope|Vagueness	Doubt|Evading-the-burden-of-proof|Slippery-slope|Vagueness
1096	2019-02	migration	Che palle Montalbano! Una scena sbarco migranti: una ragazza  racconta al Commissario di essere stata violentata ma Montalbano arriva a dire che sono stati gli scafisti perch√® i migranti non fanno queste cose! Che pena! Non si pu√≤ pi√π guardare!	Appeal-to-emotion|Hasty-generalization|Loaded-language|Name-calling-or-labelling|Strawman	Appeal-to-emotion|Hasty-generalization|Loaded-language|Name-calling-or-labelling|Strawman
296	2022-06	public health	Negli ultimi 10anni nella sanit√† pubblica sono stati tagliati 37miliardi di fondi Maria Domenica  Castellone m5s a portaporta! La domanda sorge spontanea perch√© non avete usufruito del Mes 36 miliardi!! Mi piacerebbe saperlo!!	Appeal-to-authority|Appeal-to-emotion|Doubt|Loaded-language|Thought-terminating-cliches	Appeal-to-authority|Doubt|Loaded-language
978	2020-02	public health	Il vaccino per il colera √® stato trovato. Quello del Corona virus √® in fase di studio. Ma di quello per l‚Äôidiozia non ci sono ancora tracce.#coronarvirusitalia [URL]	Appeal-to-emotion|False-analogy	False-analogy|Loaded-language|Red-herring
170	2022-05	climate change	.[USER] oltre la parola Transizione Ecologica come vorreste chiudere il ciclo dei rifiuti a Roma? In 5 anni al Governo della Capitale l'unica transizione che avete fatto √® quella ai rifiuti per strada. #SiTermovalorizzatore [URL]	Ad-hominem|Doubt|Evading-the-burden-of-proof|Loaded-language|Slogan|Vagueness	Ad-hominem|Doubt|Evading-the-burden-of-proof|Flag-waving|Slogan
1166	2019-09	migration	Castelvolturno, rivolta degli italiani contro immigrati. (video) [URL]	Flag-waving|Loaded-language|Name-calling-or-labelling	Loaded-language|Vagueness
727	2020-01	migration	A voi uno stato che per prevenire il #coronavirus blocca, giustamente, per controlli #navidacrociera a #Civitavecchia e fa sbarcare centinaia di immigrati dalle navi delle #ONG e dai #barchini non fa venire alcun dubbio, vero?ü§î #Fermate i #giallorenzi! [URL]	Doubt|False-analogy|Name-calling-or-labelling|Slogan	Doubt|Evading-the-burden-of-proof|False-analogy|Loaded-language|Name-calling-or-labelling|Slogan|Vagueness
162	2022-05	climate change	E noi non possiamo certo mancare al #WorldBeeDay.   Le #api sono fondamentali per il loro contributo allo sviluppo sostenibile, per affrontare i problemi alimentari, per garantire la biodiversit√†. [URL]		
436	2021-08	migration	L‚Äô8 agosto di 30 anni fa l‚ÄôItalia si scopriva paese di approdo. L‚Äôinizio di una storia di accoglienza e respingimenti, di politici che soffiano sul fuoco della paura, di persone pronte ad aiutare. Una storia che arriva fino ai giorni nostri.   #naveVlora #Bari #albania [URL]	Appeal-to-emotion|Vagueness	Appeal-to-emotion|Vagueness
1382	2019-07	public health	L‚ÄôItalia √® il paese OCSE nel quale aumenter√† di pi√π il rapporto tra over 65 e persone in et√† da #lavoro, e gi√† oggi siamo al secondo posto. Chi pagher√† le pensioni? I costi dell‚Äôassistenza e la spesa sanitaria? I (pochi) giovani di oggi e della prossima generazione. [URL]	Doubt|Loaded-language	Doubt|Loaded-language
873	2020-04	climate change	Quindi #contebugiardo come troviamo liquidit√† per evitare la desertificazione del tessuto produttivo e per affrontare #EmergenzaCOVID19 mentre aspettiamo il #RecoveryFund? Non √® che per caso avverr√† attivando il #MES che stasera hai accettato all‚Äô#Eurogroup ?	Ad-hominem|Doubt|Slogan	Ad-hominem|Doubt|Evading-the-burden-of-proof
244	2022-01	public health	Venezia, una delle citt√† d‚Äôarte maggiormente colpite dalla pandemia. Non vedo l‚Äôora di rivederla innondata da folle di turisti!!! #ecologicfur #sabrina #SabrinaSalerno [URL]		
991	2020-04	public health	Anche a me non fa piacere che non si possano ancora celebrare le messe con i fedeli, ma vorrei citare, a memoria,, quel che ha detto il vescovo di Padova all‚Äôinizio del contagio: In materia di sanit√† e di bene pubblico, la chiesa deve accettare di non avere l‚Äôultima parola...	Appeal-to-authority|Appeal-to-emotion	Appeal-to-authority|Appeal-to-emotion|Loaded-language
1439	2019-12	public health	Nella riforma sanitaria in corso in FVG, laddove il concetto di famiglia viene rappresentato come assolutamente centrale, il #PD ha presentato una serie di emendamenti per RIMUOVERE LA PAROLA FAMIGLIA e sostituirla con la dicitura RETE FORMALE E INFORMALE DELLA PERSONA.  RIDICOLI [URL]	Ad-hominem|Appeal-to-emotion|Loaded-language|Vagueness	Ad-hominem|Appeal-to-emotion|Evading-the-burden-of-proof|Loaded-language|Vagueness
636	2021-04	public health	Mi sono vaccinata con #Astrazeneca quando nessuno lo voleva. Potevo andare in patria ma volevo contribuire a combattere la #pandemia nel mio piccolo qui. Ho elogiato il sistema. E ora mi dite che non ci sar√† la seconda dose? Si organizzi, generale #Figliuolo! #COVID19 #Italia	Ad-hominem|Appeal-to-emotion|Doubt|Hasty-generalization|Loaded-language|Red-herring	Ad-hominem|Doubt|Loaded-language|Red-herring|Vagueness
1258	2019-06	climate change	"#COP26 su clima si svolger√† ""congiuntamente"" in Italia e Gran Bretagna... in effetti dopo aver bocciato mozione su #EmergenzaClimatica farla solo in Italia era RIDICOLO!  #negazionisticlimatici #congiuntamentefregati [URL]"	Appeal-to-emotion|Causal-oversimplification|Loaded-language|Name-calling-or-labelling|Red-herring	Appeal-to-emotion|Doubt|Loaded-language|Name-calling-or-labelling
726	2020-01	migration	Quindi secondo la signora che ha portato Salvini a Bologna il ragazzo spaccia perch√© ‚Äú√® sempre vestito bene e firmato‚Äù. Che poi √® la stessa logica di quelli che i migranti non scappano dalle guerre o dalla fame perch√© hanno uno smartphone o sono muscolosi. Voi mi fate paura.	Appeal-to-emotion|Cherry-picking|False-analogy|Hasty-generalization|Name-calling-or-labelling|Strawman|Vagueness	Appeal-to-emotion|Cherry-picking|Hasty-generalization|Name-calling-or-labelling|Strawman|Vagueness
882	2020-05	climate change	Ho salvato dall'allagamento in cantina una raccolta di Modo degli anni Settanta che avevo dimenticato di avere. E, boh, mi sa che adesso devo pensare a una nuova serie di design in bikini. [URL]		
963	2020-01	public health	La Memoria √® l‚Äôunico vaccino contro l‚Äôindifferenza. (Liliana Segre) #GiornatadellaMemoria2020 [URL]	Loaded-language	Appeal-to-emotion|Loaded-language
147	2022-03	climate change	Giornata mondiale dell'acqua / World Water Day 22/03/22 üíß Giornata istituita per porre l'attenzione sugli sprechi e sul contrastare il cambiamento climatico  Sulle Dolomiti √® fonte di vita per la flora e la faunaüêÆüå≤ NON SPRECHIAMOLA  guevarart #dolomiti #worldwaterday #nowaste [URL]	Loaded-language|Slogan	Loaded-language|Slogan
924	2020-09	climate change	La #decarbonizzazione secondo #Eni: Carbon Capture Sequestration (per continuare a estrarre gas come se nulla fosse) e ‚Äú#nucleare pulito‚Äù (complice #Enea) che sarebbe la fusione, araba fenice da almeno 50 anni  Che si fa? Si üòÇüòÇüòÇ o si üò•üò•üò• Comunque #greenwashing [URL]	Ad-hominem|Appeal-to-emotion|Doubt|Evading-the-burden-of-proof|False-dilemma|Hasty-generalization|Loaded-language|Name-calling-or-labelling|Vagueness	Appeal-to-emotion|Doubt|False-dilemma|Hasty-generalization|Loaded-language|Name-calling-or-labelling|Thought-terminating-cliches|Vagueness
563	2021-09	climate change	Conclusa #Youth4Climate con la plenaria finale dei giovani alla presenza del Presidente della Repubblica, del Presidente del Consiglio e del ministro Cingolani. I giovani delegati hanno consegnato le proposte contro i #cambiamenticlimatici ai ministri dell'ambiente #PreCop26. [URL]		
1222	2019-03	climate change	Certo che dietro la comparsa  miracolosa di Greta, l'emergenza climatica, gli scioperi studenteschi sul riscaldamento globale,  il monito di Mattarella sulla catastrofe ambientalista prossima ventura, c'√® una regia raffinatissima.	Appeal-to-emotion|Evading-the-burden-of-proof|False-analogy|Loaded-language|Vagueness	Appeal-to-emotion|Doubt|Loaded-language|Vagueness
13	2022-02	migration	Leggo di affascinanti dibattiti pro e contro la schwa mentre mi trovo a Porta Palazzo a Torino. Qui i pensionati italiani e gli immigrati non si appassionano. Parlano solo di quanto sono aumentati i prezzi dei broccoli e le bollette. Ma saranno loro eh [URL]	Hasty-generalization|Thought-terminating-cliches	False-analogy|Hasty-generalization|Thought-terminating-cliches
907	2020-07	climate change	Lavoriamo insieme per una Toscana a zero emissioni. L‚Äôeconomia circolare dovr√† essere il nuovo modo in cui concepiamo lo sviluppo del nostro territorio, per una Toscana che punta su energie rinnovabili e continua a massimizzare la raccolta differenziata. [URL] [URL]	Slogan	Loaded-language|Slogan
1129	2019-05	migration	Ha contribuito a portare alta la bandiera francese nel mondo. Una petizione si oppone all'assegnazione di una Palma d'oro a Alain Delon. La questione:le affermazioni controverse dell'attore verso la comunit√† LGBT e migranti. #Cannes2019   [URL]	Appeal-to-emotion|Red-herring	Flag-waving|Loaded-language|Red-herring
491	2021-02	climate change	L'inverno del nostro s-Conte-nto si √® mutato in estate torrida sotto il sole Draghi (e del #climatebreakdown). A stasera. [USER] [URL]	Appeal-to-emotion|Loaded-language|Name-calling-or-labelling	Loaded-language|Name-calling-or-labelling
464	2021-11	migration	"Chiss√† se nell'autorizzare al consumo umano la ""locusta migratoria"" la Commissione Europea abbia voluto prenderci in giro...  Capite che siamo in mano a persone pericolose o no?  #novelfoods #locustamigratoria #farmtofork  [URL]"	Appeal-to-emotion|Doubt	Appeal-to-emotion|Doubt|Hasty-generalization
468	2021-11	migration	Questa √® Varsavia. Questa √® la #Polonia. Quell'unit√† di popolo che d√† fastidio alla Ue. Quella nazione che si ribella a immigrazione e fatalismo globalista.  Cogliamone esempio. Buona giornata dell'indipendenza #Polska üáµüá± [URL]	Appeal-to-emotion|Cherry-picking|Flag-waving|Loaded-language|Name-calling-or-labelling	Appeal-to-emotion|Hasty-generalization|Loaded-language|Vagueness
1154	2019-08	migration	√à incredibile questo paese che ha davanti ase enormi problemi di sviluppo, di lavoro e di giustizia, e che si preoccupa solo di sicurezza e immigrazione. Cio√® di questioni in larghissima parte superate. Perch√©? Perch√© invece del cervello usa l‚Äôintestino per pensare e produce odio	Appeal-to-emotion|Causal-oversimplification|Doubt|Evading-the-burden-of-proof|Hasty-generalization|Loaded-language|Red-herring|Vagueness	Appeal-to-emotion|Doubt|Hasty-generalization|Loaded-language|Red-herring|Vagueness
592	2021-12	climate change	Il presidente [USER] mi ha appena nominato Coordinatore del Comitato per le Infrastrutture e la Mobilit√† sostenibile del [USER] Previa ratifica dell'assemlea degli iscritti. Mai sfida poteva essere pi√π significativa da ingegnere e attivista. Faremo un grande lavoro [URL]	Appeal-to-emotion|Flag-waving	Flag-waving|Loaded-language
818	2020-10	migration	Immigrazione clandestina, Governo nel caos, Dittatura sanitaria, Azzolina incapace, Il Governo non ci ascolta. Queste sono le frasi che da mesi ripetono Salvini Meloni. Avete mai sentito una loro proposta concreta in economia, per la sanit√† ecc ? Una. Solo propaganda e urla, fine	Ad-hominem|Doubt|Hasty-generalization|Loaded-language|Name-calling-or-labelling|Thought-terminating-cliches|Vagueness	Ad-hominem|Appeal-to-emotion|Doubt|Hasty-generalization|Loaded-language|Name-calling-or-labelling|Thought-terminating-cliches|Vagueness
651	2021-06	public health	Stanotte mi sono sentita male. Il medico della guardia medica √® venuto, mi ha visitato, mi ha fatto un‚Äôiniezione, mi ha tranquillizzata, √® stato con me finch√© non mi sono sentita meglio‚Ä¶ Stavo male e non mi sono sentita abbandonata. Evviva il servizio sanitario nazionale!	Appeal-to-emotion|Flag-waving	Appeal-to-emotion
1131	2019-06	migration	"Scusate, a quanti dicono che avrei dovuto andare a trasmissione X per rispondere al guitto Y che sta dicendo scemenze sui minibot, ricordo che io sono uno e le trasmissioni e i guitti sono infiniti. Lasciate che ne parlino, finir√† come con ""migrante risorsa ci paga le pensioni"""	False-analogy|Loaded-language|Name-calling-or-labelling|Slippery-slope|Vagueness	False-analogy|Loaded-language|Slippery-slope|Vagueness
77	2022-08	migration	"Troisi negli anni 80 fece a pezzi molti stereotipi sui napoletani, a partire dal ""napoletano emigrante"" imponendo una visione diversa sui nostri concittadini, lontana dall'olografia, molto pi√π ricca di sfumature. Poi senti una telecronaca come quella di ieri e ...."	Vagueness	Loaded-language|Vagueness
749	2020-03	migration	Stanno entrando un mare di immigrati e nessuno ne parla. Si sommano i problemi, dove andremo a finire?	Doubt|Hasty-generalization|Loaded-language|Slippery-slope	Appeal-to-emotion|Doubt|Hasty-generalization|Loaded-language|Name-calling-or-labelling|Vagueness
333	2022-10	public health	Il vaccino √® stato testato per prevenire la malattia grave.  Test successivi ne hanno dimostrato l‚Äôefficacia contro l‚Äôinfezione. Da qui la scelta politica del Greenpass. Con le varianti la capacit√† di combattere la trasmissione √® venuta gradualmente meno.  Il resto √®‚Ä¶ truffa.	Causal-oversimplification|Evading-the-burden-of-proof|Hasty-generalization|Name-calling-or-labelling|Vagueness	Appeal-to-emotion|Causal-oversimplification|Evading-the-burden-of-proof|Hasty-generalization|Thought-terminating-cliches|Vagueness
781	2020-07	migration	"Il figlio di Selvaggia Lucarelli,  di anni 15, durante una manifestazione  a Milano urla  a Salvini "" sei razzista e omofobo "" la Polizia subito lo blocca e lo identifica. La Polizia blocca un ragazzino ma non #Salvini quando insulta i migranti o citofona o altro. GIUSTIZIA ??"	Appeal-to-emotion|Doubt|False-analogy|Loaded-language|Name-calling-or-labelling|Vagueness	Appeal-to-emotion|Doubt|False-analogy|Loaded-language|Name-calling-or-labelling|Vagueness
618	2021-02	public health	La #Svezia senza #lockdown √® ufficialmente fuori dalla pandemia Da 50gg calano la % positivi/testati (da 16 a 8%), i ricoveri (da 2700 a 1046), i rianimati (da 389 a 196) Zero eccesso mortalit√† nelle ultime 3 settimane nonostante le varianti  Avvisate #Ricciardi #Galli #Crisanti [URL]		Loaded-language
821	2020-11	migration	Dopo 231 anni gli USA avranno una vicepresidente donna, figlia di immigrati e supporter anche della comunit√† LGBT.  Inizia una nuova era? Chiss√†! Nel frattempo il razzista, sessista e omofobo Trump pare gi√† un brutto ricordo #KamalaHarris [URL]	Appeal-to-emotion|Name-calling-or-labelling	Appeal-to-emotion|Loaded-language|Name-calling-or-labelling
311	2022-08	public health	Non poteva esser detto che morivano i bambini in Grecia per l'Austerity altrimenti i noeuro... Non possono esser raccontati i danni da vaccino altrimenti i novax... Non pu√≤ esser detta la nazionalit√† di uno stupratore altrimenti i razzisti...  Questa √® oggi l'informazione.	False-dilemma|Hasty-generalization|Name-calling-or-labelling|Thought-terminating-cliches|Vagueness	Hasty-generalization|Name-calling-or-labelling|Thought-terminating-cliches|Vagueness
44	2022-05	migration	Noi schiavisti, libro inchiesta sullo sfruttamento dei lavoratori immigrati, che ho pubblicato con [USER] esattamente un anno fa, il 6 maggio 2021, √® candidato a [USER] [URL]		
178	2022-06	climate change	üå°Ô∏èüíßOSSERVATORIO [USER]  √à allarme sul Delta Po' ormai salato: iniziata la sospensione delle irrigazioni. √à crisi idrica sui anche sui Castelli Romani, mentre al Nord ritorna emergenza idrogeologica  Continua [URL]  #ClimateEmergency #Italia #9GIUGNO [URL]		
1185	2019-11	migration	Io sono d'accordo solo su una cosa con Berlusconi. Scusatemi, non √® vero che il popolo ha sempre ragione, il popolo ha colpa di tutta questa merda . Popolo di analfabeti funzionali. Oggi mi gira cos√¨. Slogan facili. Meno tasse Pi√π condoni Fuori i migranti. Cos√¨ si vince facile.	Ad-hominem|Appeal-to-emotion|Causal-oversimplification|Hasty-generalization|Loaded-language|Name-calling-or-labelling|Slogan|Thought-terminating-cliches|Vagueness	Ad-hominem|Hasty-generalization|Loaded-language|Name-calling-or-labelling|Slogan|Thought-terminating-cliches|Vagueness
533	2021-06	climate change	"New York Berlino Glasgow E domani #Italia. Sar√† installato sulla parete del ministero domani mattina il ""#ClimateClock"", l'orologio climatico che ci ricorda che il tempo sta per scadere.   Un tempo che le nostre azioni possono invertire fino ad annullarne gli effetti. [URL]"	Appeal-to-emotion|Evading-the-burden-of-proof	Appeal-to-emotion|Slippery-slope|Vagueness
819	2020-10	migration	#3ottobre Giornata Nazionale in memoria delle vittime dell'immigrazione. A 7 anni dalla strage di #Lampedusa non dimentichiamo #santegidio [URL]	Appeal-to-emotion	Appeal-to-emotion
669	2021-07	public health	OUT OF THE DARK - Un sensuale sguardo fotografico al tempo della pandemia e della quarantena c/o Hierbas Jesolo Lido | 25 luglio-3 ottobre 2021 [USER] [USER] [USER] [USER] [USER] [USER] [URL]		
1414	2019-10	public health	Abbiamo notizie del CSM, di Bibbiano e dello scandalo sanit√† in Umbria? Cos√¨, tanto per passare il tempo	Doubt|Thought-terminating-cliches|Vagueness	Loaded-language
70	2022-07	migration	Io mi domando e domando: da quanti anni sentiamo che l‚Äôhot spot di Lampedusa √® al collasso ? Per i migranti condizioni di sopravvivenza inumane con tutto quel che consegue. Non √® possibile istaurare procedure di sbarco e soccorso in un altra sede ? Cosa serve ?	Appeal-to-emotion|Doubt	Appeal-to-emotion|Doubt
956	2020-12	climate change	Sinceramente eventuale rinvio di #UdineseAtalanta sarebbe grottesco,la #LAZIO √® scesa a #CROTONE con alluvione in citt√†, morti e campo disastroso. Cos√¨ si altera ancora di pi√π un campionato gi√† fallato in partenza. Si anche noi dovevamo giocare la CL giorni dopo #UdineseAtalanta	Appeal-to-emotion|Evading-the-burden-of-proof|False-analogy	False-analogy|Loaded-language|Vagueness
245	2022-01	public health	Chi viene con me ? Forza andiamo a spiegare le cose all‚Äôordine dei medici cos√¨ si aggiornano DOPO  2 anni di pandemia ! [URL]	Hasty-generalization	Doubt|Loaded-language|Vagueness
1341	2019-03	public health	Grazie [USER] per l'impegno preso. Il Cdm in #Calabria rafforza l'azione straordinaria che [USER], commissari e governo tutto stanno mettendo in campo per cambiare finalmente la realt√† della sanit√† in quella regione. #DecretoCalabria in arrivo! üáÆüáπ [URL]	Appeal-to-emotion	Appeal-to-emotion|Loaded-language|Vagueness
736	2020-02	migration	Il salvataggio in mare non √® politica migratoria, il salvataggio in mare √® il prerequisito di dignit√† di un paese, dice [USER] a [USER]  #conirifugiati #ciriguarda #MareNostrum [URL]	Appeal-to-authority|Appeal-to-emotion|Slogan	Appeal-to-emotion|Slogan
221	2022-11	climate change	Parco Eolico a Mazara del Vallo, e i pescatori non lavorano pi√π, scompare l'eccellenza del gambero rosso. Ma quanto fa schifo questa transizione ecologica Imposta dall'UnioneEuropea? C'√® un #ministrodelmare saggiamente previsto dal premier. Si dia da fare.	Appeal-to-emotion|Cherry-picking|Doubt|Loaded-language|Thought-terminating-cliches	Appeal-to-emotion|Causal-oversimplification|Cherry-picking|Loaded-language|Thought-terminating-cliches
643	2021-05	public health	√® giustificato vaccinare l‚Äô80% della popolazione italiana con terapie geniche di cui non si conoscono ancora gli effetti a lungo termine, a fronte di una ‚Äúpandemia‚Äù che ha ucciso in un anno in Italia lo 0,2% della popolazione?	Doubt|Evading-the-burden-of-proof|Loaded-language|Red-herring	Doubt|Evading-the-burden-of-proof|Loaded-language
1408	2019-09	public health	Volevo chiedere a quelli della tanta sbandierata sanit√† lombarda, come √® possibile che non fosse in uso ancora il braccialetto elettronico? Da noi in Emilia Romagna √® la prima cosa che ti mettono appena entri in ospedale. Boh. Cose strane. Anche in Pronto Soccorso Idem.	Appeal-to-emotion|Doubt|Red-herring|Thought-terminating-cliches|Vagueness	Doubt|Loaded-language|Name-calling-or-labelling|Red-herring|Vagueness
1006	2020-05	public health	"Un anno fa andava in scena la partita che pi√π di qualunque altra ha avvicinato ogni tifoso dell'#Inter a un ricovero in cardiologia.  ""San Danilo, prega per noi"".  #InterEmpoli [URL]"	Appeal-to-emotion|Loaded-language	Loaded-language|Vagueness
1289	2019-09	climate change	Finalmente un provvedimento concreto del governo contro #ClimateEmergency  Giustificare gli studenti che si assentano per protestare contro la mancanza di provvedimenti concreti.  Finalmente la svolta #green #senoncifossedapiangere	Appeal-to-emotion|Loaded-language|Red-herring	Appeal-to-emotion|Hasty-generalization|Loaded-language
917	2020-08	climate change	Collassa un'enorme calotta di ghiaccio nell'artico grande come manhattan  #cambiamenticlimatici #salvateilpianeta Non c'√® pi√π tempo!!!!   [URL]	Loaded-language|Slogan	Appeal-to-emotion|Loaded-language|Slogan
1212	2019-02	climate change	Sperate che noi giovani faremo qualcosa per fermare il riscaldamento globale, ma purtroppo non faremo in tempo a raggiungere i posti di potere per farlo Immensa e inarrestabile [USER]  #PrimaDelDiluvio #FridaysForFuture #VerdeD√¨ üíö [URL] [USER]	Appeal-to-authority|Appeal-to-emotion|Flag-waving|Loaded-language|Slippery-slope|Slogan|Vagueness	Appeal-to-authority|Appeal-to-emotion|Flag-waving|Slippery-slope|Slogan|Vagueness
549	2021-07	climate change	Potete elettrificare tutte le auto del mondo, ma se non convincete la gente che gli spostamenti di breve raggio vanno fatti a piedi o in bici, col cavolo che ridurremo le emissioni di CO2 in modo sostanziale.	Loaded-language|Slippery-slope	Loaded-language
1042	2020-09	public health	E a un certo punto mentre urlavano alla dittatura sanitaria una persona si √® sentita male.  Dal palco hanno chiesto se ci fosse un medico presente in piazza.   Sipario. [URL]	Name-calling-or-labelling|Thought-terminating-cliches	Appeal-to-emotion|Name-calling-or-labelling|Thought-terminating-cliches
6	2022-01	migration	Anni fa ero emigrato in Brasile,poi decisi di rientrare ho commesso il piu grande errore della mia vita a farlo. Non ho pi√π nulla qui non mi ci ritrovo i miei amici ormai sono un ricordo lontano la famiglia il nulla pi√π totale un giorno trover√≤ il coraggio di andare via di nuovo		
342	2022-11	public health	Negativo. Ringrazio la scienza che con il vaccino e l‚Äôantivirale hanno permesso ad un paziente ad alta fragilit√† di sconfiggere il covid senza  ospedalizzazione.Ed ora, riposo e tanta energia da incamerare per le mie prossime sfide: Gi√† domani, giornata di dh Vi abbraccio forte‚ù§Ô∏è [URL]		
1379	2019-06	public health	La Regione Lazio snobba il consiglio straordinario sull'ospedale Grassi nel municipio di Ostia -  hanno certificato per l‚Äôennesima volta il loro fallimento sulla sanit√† laziale. Vergogna!	Appeal-to-emotion|Hasty-generalization|Loaded-language|Vagueness	Appeal-to-emotion|Hasty-generalization|Loaded-language|Vagueness
231	2022-12	climate change	Questo perch√© la presunta fidanzata di Mbapp√© sarebbe una modella transgender.  Di commenti cos√¨ ce ne sono migliaia in rete, in un'alluvione di ignoranza, machismo, idiozia che fa rivoltare le viscere.  Fate schifo, siete usurpatori di ossigeno e non ve lo si dir√† mai abbastanza [URL]	Ad-hominem|Appeal-to-emotion|Loaded-language|Name-calling-or-labelling	Ad-hominem|Appeal-to-emotion|Loaded-language|Vagueness
602	2021-01	public health	Sondaggio Ipsos: il 73% degli italiani pensa che #Renzi stia perseguendo solo ‚Äú‚Äùi suoi interessi personali.  E questo, in piena pandemia, fa ancora pi√π schifo.  #Renzivergogna #crisidigoverno	Ad-hominem|Appeal-to-authority|Appeal-to-emotion	Ad-hominem|Appeal-to-authority|Appeal-to-emotion
131	2022-02	climate change	Ana Mena e Rocco Hunt scongelati gi√† a febbraio chiara dimostrazione del fatto che il surriscaldamento globale √® emergenza. #Sanremo2022	Causal-oversimplification|Loaded-language	Causal-oversimplification|Loaded-language
797	2020-08	migration	712. √à il numero dei rifugiati in #Libia di cui mi sto occupando ora. Tutti abbandonati in Libia, nei lager, da almeno 3 anni, salvo i bimbi che ci sono nati. Malati, affamati. A voi che dissertate sui #dirittiumani, ricordo che questi umani hanno bisogno di aiuto.	Ad-hominem|Appeal-to-emotion|Loaded-language	Ad-hominem|Appeal-to-emotion|Loaded-language|Vagueness
843	2020-01	climate change	üé≠ Stavolta vogliamo ricordare cos√¨ il triste anniversario dell'incendi√≤ che nel 29 gennaio 1996 ci ridusse in cenere, un po' per esorcizzare, anche dopo l'alluvione, non ce ne vogliate. Ricordate che il nome che ci portiamo addosso indica sempre la strada della rinascita üé≠ [URL]	Appeal-to-emotion|Loaded-language	Appeal-to-emotion|Loaded-language|Vagueness
865	2020-03	climate change	#Dalpino dopo essere stato segato (nomen omenüòä) ha ripreso a crescere nella considerazione di #stevenzhang:  nel giro di poche ore √® passato da 'pi√π grande e pi√π oscuro' pagliaccio' a 'quell'individuo'. Domani magari lo chiamer√† mister Dal Pino.  Il 'disboscamento' sta finendoü§î [URL]	Appeal-to-emotion|False-analogy|Loaded-language|Name-calling-or-labelling|Vagueness	Appeal-to-emotion|Doubt|Loaded-language|Name-calling-or-labelling|Strawman|Vagueness
894	2020-06	climate change	In aprile scorso, un miliardo di euro in meno nelle casse dell‚ÄôErario, per minori entrate da accise sui carburanti. La transizione energetica sar√† anche questo. Da quale altro settore arrivano circa due miliardi al mese cash (solo di accisa, eh, iva esclusa)?	Evading-the-burden-of-proof	Doubt|Evading-the-burden-of-proof|Hasty-generalization|Loaded-language|Slippery-slope
376	2021-02	migration	üõë NON √à UNA FOTO DALL'AFRICA, MA DA ROMA Questa √® la nostra Capitale, ridotta cos√¨ dalla mala amministrazione della Raggi e dall'immigrazione incontrollata voluta dal Pd [URL]	Causal-oversimplification|False-analogy|Flag-waving|Loaded-language|Name-calling-or-labelling|Vagueness	Causal-oversimplification|False-analogy|Flag-waving|Hasty-generalization|Loaded-language|Name-calling-or-labelling|Vagueness
1159	2019-08	migration	"‚Ä¢Papa Francesco il 29 settembre dedica una grande messa ai migranti ‚Ä¢Orlando: ""Il nostro aeroporto disponibile ad ospitare voli umanitari"" ‚Ä¢Padre Sorge: ‚ÄúConte premier? Ha mostrato di averne la stoffa, mandando a casa Salvini‚Äù  Sono ripartiti a bomba, c‚Äô√® da stare sereni üòë"	Appeal-to-emotion|Causal-oversimplification|Hasty-generalization|Loaded-language	Appeal-to-emotion|Loaded-language
1053	2020-10	public health	#DecretiSicurezza Le modifiche erano pronte da mesi, l‚Äôultima bozza l‚Äôho letta a Luglio. Il testo √® stato congelato in attesa delle elezioni. Intanto nei mesi della pandemia i dl Salvini hanno continuato a fare parecchi danni (accoglienza). Il coraggio in politica √® un‚Äôaltra cosa	Appeal-to-authority|Appeal-to-emotion|Evading-the-burden-of-proof|Loaded-language|Thought-terminating-cliches|Vagueness	Appeal-to-authority|Evading-the-burden-of-proof|Loaded-language|Thought-terminating-cliches|Vagueness
86	2022-09	migration	Ci sono Pio e Amedeo in televisione. Poi ci meravigliamo che la gente vota la Meloni. #Emigratis: un neurone per ‚Äúridere‚Äù. Indecenti.	Appeal-to-emotion|Hasty-generalization|Loaded-language	Appeal-to-emotion|Cherry-picking|Loaded-language|Red-herring
800	2020-08	migration	Chi attacca [USER] su questione immigrazione/lavoratori africani (video da [USER]) ha un problema: quello di non capire una beata minchia.  Ovviamente mi piacerebbe interagire con chi la pensa diversamente. Per me la questione √® chiarissima.  #Boldrin #4Agosto	Ad-hominem|Appeal-to-emotion|Circular-reasoning|Loaded-language	Ad-hominem|Appeal-to-emotion|Circular-reasoning|Loaded-language|Vagueness
1261	2019-07	climate change	A Londra 38 gradi a Parigi 42. Chi √® che non crede nel climate change?	Cherry-picking|Doubt	Cherry-picking|Doubt
693	2021-10	public health	√à sufficiente un grafico. Evviva il #vaccino. Stop. (Fonte #SkyTg24). [URL]	Appeal-to-emotion|Thought-terminating-cliches|Vagueness	Appeal-to-emotion|Thought-terminating-cliches|Vagueness
111	2022-12	migration	Il bambino senza scarpe   #Lampedusa porto commerciale - trasferimento #migranti da hotspot con oltre 1.200 persone tra cui decine di bambini piccolissimi  A #Milano fasti e proteste alla #Scala No more words [URL]	Thought-terminating-cliches	Loaded-language|Thought-terminating-cliches
948	2020-11	climate change	üí¶ L‚Äôalluvione che ha colpito la comunit√† di #Bitti √® un‚Äôaltra delle dure prove che la #Sardegna si trova ad affrontare.  ü§ù Supportiamo la campagna #TutticonBITTI con la raccolta fondi ufficiale lanciata dal #comunedibitti   ‚ÑπÔ∏è Per maggiori info [URL] [URL]	Appeal-to-emotion|Slogan	Appeal-to-emotion|Loaded-language
1422	2019-11	public health	la pi√π grande epidemia di morbillo contemporanea sta terrorizzando l‚ÄôAfrica centrale 233.000 casi e 4.700 morti, ditelo a quelli del morbillo party	Ad-hominem|Appeal-to-emotion|Evading-the-burden-of-proof|Vagueness	Appeal-to-emotion|Doubt|Name-calling-or-labelling|Vagueness
1298	2019-10	climate change	Il Senato ha approvato definitivamente con il provvedimento sulle ‚ÄúCrisi aziendali‚Äù l‚Äôarticolo che sblocca le procedure per il riciclaggio dei rifiuti: #EndofWaste. Un settore fondamentale dell‚Äôeconomia circolare si sblocca grazie all‚Äôattuale Governo.		Appeal-to-emotion|Flag-waving
1347	2019-03	public health	E' #InCorsoOra un #TrasportoSanitarioUrgente da #ReggioCalabria a #Genova. Il trasportato √® un neonato in imminente pericolo di vita che √® in volo in questi minuti a bordo di un Falcon 900 in culla termica. Una volta arrivato a Genova il piccolo sar√† portato all'[USER] [URL]		Appeal-to-emotion
928	2020-09	climate change	Fim Cisl, Nobis Metalmeccanici: Puntare sull‚Äôeconomia civile per uno sviluppo sostenibile e duraturo üëâüèª[URL] [URL]		Loaded-language
807	2020-09	migration	111 persone morte nel naufragio del 21 settembre. C'era anche una donna con i suoi 4 figli. Il Governo italiano tiene a terra le navi di salvataggio. #Libia #migranti		Appeal-to-emotion|Name-calling-or-labelling
71	2022-08	migration	Quando i migranti economici eravamo noi.   #Marcinelle		
345	2022-11	public health	I medici novax sono 1913 su 467611 totali. Lo 0,4%. Il ministro #Schillaci ci spieghi come questi numeri potranno risolvere la carenza del personale nei vari ospedali e soprattutto che assistenza ‚Äúin scienza e coscienza‚Äù possano garantire ai malcapitati loro assistiti.	Doubt|Loaded-language	Appeal-to-emotion|Doubt|Loaded-language|Name-calling-or-labelling
1370	2019-05	public health	49000 morti per infezioni ospedaliere. E odg del M5S approvato ad ottobre e mai applicato da [USER] [URL] cari giornalisti fate un articolo su questo, se avete coraggio	Appeal-to-emotion|Doubt|Loaded-language	Ad-hominem|Appeal-to-emotion|Doubt|Evading-the-burden-of-proof|Loaded-language|Red-herring
1061	2020-11	public health	Finalmente due buone notizie: pronta la cura anticovid, pronto anche il vaccino che arriver√† entro dicembre. Cos√¨ la smetteremo di scassarci le palle col virus.	Appeal-to-emotion|Causal-oversimplification|Evading-the-burden-of-proof|Loaded-language	Appeal-to-emotion|Causal-oversimplification|Evading-the-burden-of-proof|Loaded-language
673	2021-08	public health	Mia figlia Sofia, la maggiore, di 13 anni e mezzo, ha fatto il vaccino questa mattina e gi√† si √® manifestato un effetto collaterale: ha sparecchiato la tavola subito, senza doverglielo chiedere duecento volte e senza sbuffare! #Pfizer #vaccinoCovid	Causal-oversimplification	Causal-oversimplification|Loaded-language
130	2022-01	climate change	‚ÄúL‚Äôera dello sviluppo sostenibile‚Äù , 113 delegati in rappresentanza di 30 mila lavoratori iscritti alla #FIM del #VENETO partecipano al XI congresso. [USER] da corso alla relazione introduttiva [URL]		
983	2020-03	public health	Vi chiedete mai cosa pensino gli animali in queste settimane di pandemia? I piccioni di Piazza Duomo, per esempio, cosa penseranno? Che siamo tutti morti? Che ci hanno finalmente sconfitti e ora il mondo √® loro? [URL]	Slippery-slope	
1074	2020-12	public health	Non potete neanche lontanamente immaginare la sofferenza, la solitudine, il senso di abbandono dei malati di covid 19 (e di conseguenza della loro famiglie). Altrimenti sareste qui a implorare il vostro turno per il vaccino. Non a propinarci teorie complottiste e deliri novax.	Appeal-to-emotion|False-dilemma|Loaded-language|Name-calling-or-labelling	Appeal-to-emotion|Loaded-language|Name-calling-or-labelling
420	2021-06	migration	Kamala Harris ora parla come Trump e rivolgendosi ai migranti che vorrebbero entrare negli Stati Uniti dice chiaramente che l‚Äôimmigrazione illegale sar√† contrastata  P.S. Che dite,sentiremo il solito grido sdegnato di politici,giornalisti, radical chic e ‚Äúintellettuali‚Äù nostrani? [URL]	Appeal-to-emotion|False-analogy|Loaded-language|Name-calling-or-labelling	Doubt|Loaded-language|Name-calling-or-labelling
591	2021-12	climate change	4 anni fa, oggi, il problema principale del Paese erano i sacchetti biodegradabili a 0,05 centesimi. Compresa la bufala della cugina di [USER] che li produceva.   Eravamo felici.  E non lo sapevamo.	Appeal-to-emotion|Evading-the-burden-of-proof|Hasty-generalization|Loaded-language|Thought-terminating-cliches	Appeal-to-emotion|Cherry-picking|Loaded-language
577	2021-10	climate change	La situazione ora a #Catania. Penso ci sia un piccolo problema di cambiamento climatico. Ma forse eh. [URL]	Loaded-language|Thought-terminating-cliches	Loaded-language|Thought-terminating-cliches
1060	2020-10	public health	Togliersi la mascherina in Parlamento mentre critichi le misure del Governo in tempo di grave pandemia mondiale.  Ecco il livello dell'opposizione in Italia. [URL]	Appeal-to-emotion|Hasty-generalization|Vagueness	Appeal-to-emotion|Cherry-picking|Thought-terminating-cliches
234	2022-12	climate change	L‚Äôopera di oggi a [USER] √® dedicata ad Ischia e a tutte le famiglie colpite dall‚Äôalluvione. Raffigura un bimbo con la mano tesa che chiede aiuto. Prima di puntare il dito e cercare responsabilit√† bisogna rimboccarsi le maniche e aiutare chi √® in difficolt√†. #ischia [URL]		Appeal-to-emotion|Loaded-language
742	2020-03	migration	All‚Äôon. [USER] che chiede di aprire il Parlamento (mai chiuso in realt√†) io chiedo: ci prometti che poi vieni? Perch√© in I* Commissione Affari Costituzionali, dove si parla di sicurezza, forze dell‚Äôordine e immigrazione, ti abbiamo visto una sola volta in 24 mesi!	Doubt|Evading-the-burden-of-proof	Ad-hominem|Doubt|Evading-the-burden-of-proof
216	2022-10	climate change	hey #PutinWarCriminal il #ClimateCrisis ha fatto anche cose buone   üñïüòç 25 gradi ad Ottobre üòçüñï [URL]	Appeal-to-emotion|Cherry-picking|Loaded-language|Name-calling-or-labelling	Appeal-to-emotion|Loaded-language|Name-calling-or-labelling|Vagueness
349	2022-11	public health	Bella gente effetti del vaccino morto in diretta di un autista di pullman pieno di passeggeri. [USER] [USER] [USER] [USER] [USER] [USER] [USER] [USER] [USER] [USER] [USER] [USER] [USER] [URL]	Causal-oversimplification|Loaded-language	Cherry-picking
1319	2019-12	climate change	"üéôÔ∏è""Si, penso sia qualcosa di cui tutti dovremmo preoccuparci, al momento.Penso che sia il nostro problema pi√π grande.Sembra una cosa difficile da fare,ma in realt√† richiede poco sforzo. "" - Harry parla del cambiamento climatico per [USER]"	Appeal-to-emotion|Hasty-generalization|Vagueness	Appeal-to-emotion|Vagueness
32	2022-04	migration	#migranti naufragi senza sosta:al largo di #Tripoli 9 vittime accertate.4 barche si rovesciano al largo di #Tunisi almeno 22 morti secondo [USER] Decine sbarcano a #Lampedusa : circa in 200 in hotspot. 70 a #RoccellaJonica Oltre 170 su due navi ong. Anche questa √® guerra [URL]	Thought-terminating-cliches	Appeal-to-emotion|Thought-terminating-cliches
733	2020-02	migration	1) se Salvini non fa sbarcare gli immigrati per 4 g, per il controllo dei documenti, √® sequestro di persona 2) se la Lamorgese non li fa sbarcare per 11 g, perch√© ci sono le elezioni, nessuno dice niente. E ancora crediamo che la legge sia uguale per tutti! Che paese di merda!	Appeal-to-emotion|Doubt|False-analogy|Hasty-generalization|Loaded-language	Appeal-to-emotion|Cherry-picking|Doubt|Evading-the-burden-of-proof|False-analogy|Hasty-generalization|Loaded-language|Vagueness
548	2021-07	climate change	Germania, il paese simbolo della manutenzione del paesaggio √® vittima dei cambiamenti climatici: ecco perch√© accade [URL]		Appeal-to-emotion|Loaded-language
445	2021-09	migration	Ho una sensazione: che tra tutti quelli che ‚ÄúNo GreenPass, non ci facciamo bucare, piuttosto espatrio, BLOCCHIAMO I TRENI‚Äù ecc, ci saranno sempre pi√π vaccinati in segreto, per non perdere l‚Äôassegno, ma che continueranno a far finta di ‚ÄúMAI il vaccino di BigFarma‚Äù  Sono i peggiori	Ad-hominem|Loaded-language|Slippery-slope|Strawman|Vagueness	Ad-hominem|Appeal-to-emotion|Loaded-language|Name-calling-or-labelling|Vagueness
1099	2019-02	migration	Ma che sorpresa : gli ‚Äúaccoglienti‚Äù, gli ‚Äúumani‚Äù francesi non vogliono pi√π i #migranti della #SeaWatch3 .  Come i loro compari collaborazionisti del #PD, la loro parola vale meno di una scoreggia. [URL]	Ad-hominem|Appeal-to-emotion|False-analogy|Loaded-language|Name-calling-or-labelling|Vagueness	Ad-hominem|Appeal-to-emotion|Hasty-generalization|Loaded-language|Name-calling-or-labelling|Red-herring
759	2020-04	migration	Bene la proposta della ministra [USER] su regolarizzazione degli immigrati in agricoltura .E‚Äô cruciale per sconfiggere il caporalato e oggi e‚Äô fondamentale per la nostra agricoltura .	Appeal-to-emotion|Loaded-language|Name-calling-or-labelling	Loaded-language|Name-calling-or-labelling
899	2020-06	climate change	#Siberia 38 gradi. Caldo record nel paese pi√π freddo del mondo [USER] via [USER]   #ClimateEmergency #ClimateChange #ClimateAction [URL]		Loaded-language
271	2022-04	public health	Mio suocero, sono 14 anni che vive con noi, nonostante le sue serie patologie ed i vari ricoveri ospedalieri  (dato sempre in fin di vita dai dottori) in questi 2 anni, resiste e festeggia il suo 90 esimo compleanno ‚ù§Ô∏è. Dimenticavo non √® vaxxinato contro il Covid-19 üòú [URL]	Appeal-to-emotion|Cherry-picking|Loaded-language	Appeal-to-emotion|Cherry-picking|Loaded-language
847	2020-01	climate change	Oggi ho tenuto 3 lezioni sull'ambiente, biodiversit√† ed emergenza climatica per le scuole medie tra Osimo ed Offagna. Mi sono levato il cappello, cos√¨ pensavano che fossi 'na persona seria.  Ora di corsa a prendere‚Ä¶ [URL]	Causal-oversimplification	Causal-oversimplification
508	2021-03	climate change	"üáÆüáπüíßüì∞ ""Transizione ecologica: √® ora di investire nell'acqua Economia circolare: il ruolo della risorsa idrica. Ridurre gli sprechi priorit√† del #RecoveryPlan""  Intervista al DG [USER], Gargano di Gaetano Pedull√†, direttore [USER] #Italia #transizioneecologica [URL]"		
1299	2019-10	climate change	Grazie [USER]  Occorre costruire insieme un #greennewdeal a partire dalla cultura, dall‚Äôeconomia, dalla societ√†, dalle scuole.  Vogliamo un‚Äôeconomia a misura d‚Äôuomo, non solo contro la crisi climatica,  ma soprattutto contro la crisi valoriale di questo periodo storico. [URL]	Appeal-to-authority|Appeal-to-emotion|Vagueness	Appeal-to-emotion|Loaded-language|Vagueness
1384	2019-07	public health	Perch√© gli assistenti sociali erano favorevoli all‚Äôallontanamento? Forse perch√© x ogni minorenne affidato la retta minima giornaliera, pagata da comuni e aziende ospedaliere, √® di 200‚Ç¨, ma pu√≤ arrivare anche a 400‚Ç¨? business sulla pelle dei bambini #mostri #QuartaRepubblica	Ad-hominem|Doubt|Evading-the-burden-of-proof|Hasty-generalization|Loaded-language|Vagueness	Ad-hominem|Appeal-to-emotion|Doubt|Evading-the-burden-of-proof|Hasty-generalization|Loaded-language|Vagueness
867	2020-03	climate change	Voli crollati. Co2 ridotto. Popolazione debole a rischio (io compresa). Sembra un libro di James Rollins. Umani, vi avevo mandato Greta, non √® bastato, pare dirci il resto del pianeta. Ascolteremo?	Doubt|False-analogy|Vagueness	Appeal-to-emotion|Doubt|False-analogy|Loaded-language|Vagueness
1192	2019-12	migration	Il Cara di #Bari non √® pi√π solo un Centro di accoglienza per richiedenti asilo, ma la base della #MAFIA nigeriana, da qui che i boss organizzavano il loro business E‚Äô questa l‚Äôaltra medaglia dell‚Äô#immigrazione, quella che i benpensanti e buonisti  si ostinano a non voler vedere	Evading-the-burden-of-proof|Hasty-generalization|Loaded-language|Name-calling-or-labelling	Appeal-to-emotion|Cherry-picking|Doubt|Evading-the-burden-of-proof|Loaded-language|Name-calling-or-labelling|Vagueness
1320	2019-12	climate change	La #CrisiClimatica √® adesso. All'#Italia servono un Piano #clima ed energia e una strategia a lungo termine che aiutino davvero a limitare il riscaldamento globale a 1,5¬∞C  Rinnoviamo il nostro #futuro con le rinnovabili e l‚Äôefficienza ‚û°Ô∏è[URL]  #ClimateActionNow [URL]	Appeal-to-emotion|Slogan	Appeal-to-emotion|Loaded-language|Slogan
773	2020-06	migration	Vi spiego in due minuti la vera sx   Unioni Civili si per√≤ si poteva fare di pi√π Legge sul caporalato s√¨ per√≤ si poteva fare di pi√π Famil Act si per√≤ si poteva fare di pi√π Regolarizzazione dei migranti s√¨ per√≤ si poteva fare di pi√π Ecc. Io penso meglio piuttosto che niente. IO.	Appeal-to-emotion|Hasty-generalization|Name-calling-or-labelling|Strawman|Thought-terminating-cliches|Vagueness	Appeal-to-emotion|Loaded-language|Name-calling-or-labelling|Vagueness
229	2022-11	climate change	#Melbourne #Australia Il Segretario Naz. e Reggente Filca Campania Ottavio De Luca presente al Congresso Ituc2022 della confederazione sindacale internazionale per partecipare e affrontare temi quali i cambiamenti climatici,il diritto globale alla salute la transizione digitale. [URL]		
1043	2020-09	public health	La sanit√† √® diventata un'odissea. Mio figlio, 12 anni, sta male. Febbre. Prima bassa poi oltre 39. La procedura vuole che il pediatra faccia segnalazione sospetto covid. Intanto il terzo giorno sta peggio. Fitte alla pancia. Chiamiamo il 118 alle 22.30. La prima domanda √® se ha	Hasty-generalization|Name-calling-or-labelling	Hasty-generalization|Loaded-language
128	2022-01	climate change	L'effetto #Serra e il riscaldamento globale degli animi.  #MilanSpezia		
1375	2019-06	public health	Va riformato il percorso post laurea per le specializzazioni mediche. Siamo rimasti ad un sistema arcaico, che non ha tenuto conto di nessuna programmazione e che sta mettendo a rischio la sanit√† pubblica. Ora le cose cambieranno, con me cambieranno! #Fuoritg #Tg3 [USER] [URL]	Appeal-to-emotion|Evading-the-burden-of-proof|Hasty-generalization|Name-calling-or-labelling	Appeal-to-emotion|Evading-the-burden-of-proof|Flag-waving|Loaded-language|Vagueness
107	2022-11	migration	La sintesi di [USER] Non servono altre parole a questo strazio #migranti #HumanRights [URL]	Appeal-to-authority|Loaded-language	Loaded-language
972	2020-02	public health	L'istituto #Spallanzani di Roma ha isolato il #coronavirus. Il nostro √® il primo Paese a riuscirci in Europa.  La nostra sanit√† pubblica si conferma un vanto e un patrimonio da difendere ad ogni costo. A dispetto di affaristi e sciacalli.	Appeal-to-emotion|Evading-the-burden-of-proof|Flag-waving|Name-calling-or-labelling	Evading-the-burden-of-proof|Flag-waving|Loaded-language|Name-calling-or-labelling|Vagueness
1086	2019-01	migration	Se #Renzi salisse sulla #SeaWatch , sono sicuro che parte della sinistra si schiererebbe con #Salvini per affondare la nave con tutti i migranti. #Scendeteli	Loaded-language|Slippery-slope|Slogan|Vagueness	Loaded-language|Name-calling-or-labelling|Slippery-slope|Slogan|Vagueness
1182	2019-11	migration	''I migranti ci tolgono il pane''. - Antonio Gallardo, coordinatore di Vox - [URL]	Evading-the-burden-of-proof|Hasty-generalization|Loaded-language|Name-calling-or-labelling	Appeal-to-emotion|Hasty-generalization|Name-calling-or-labelling
1230	2019-03	climate change	I centri sociali del nordest questa mattina bloccano l'ingresso della raffineria #ENI a #Venezia contro lo sfruttamento dei territori e delle risorse, contro questo sistema non pi√π sostenibile #climate change #ClimateEmergency [URL]	Vagueness	Vagueness
955	2020-12	climate change	üíª CG FEMCA LAZIO #workingprogress  Tra i temi in agenda il confronto con la Regione Lazio sul Chimico Farmaceutico,  sulle autorizzazioni ambientali, lo sviluppo del green e dell'economia circolare per  recuperare le aree dismesse o produzioni in crisi nel Lazio. #smartworking [URL]		
652	2021-06	public health	C‚Äô√® ancora parecchia gente che ha pi√π paura del vaccino che del virus. Questa √® la variante della stupidit√†	Ad-hominem|Name-calling-or-labelling|Vagueness	Evading-the-burden-of-proof|Hasty-generalization|Loaded-language|Vagueness
788	2020-07	migration	A #Caltanissetta 100 migranti in fuga dall‚Äô #hotspot. Altri 30 tunisini dall'hotspot di #Pozzallo. Due barconi con 140 richiedenti asilo sono in arrivo. Non si fermano gli sbarchi a Lampedusa. Alla faccia dell‚Äôaccordo di #Malta. Alla faccia del finto buonismo #europeo #26luglio [URL]	Loaded-language|Name-calling-or-labelling|Thought-terminating-cliches	Appeal-to-emotion|Doubt|Loaded-language|Name-calling-or-labelling|Thought-terminating-cliches
974	2020-02	public health	In un momento grave per il Mondo, con il rischio di pandemia per un virus che ha gi√† fatto migliaia di vittime, lo sport dovrebbe dare messaggi diversi da quelli che la curva del Brescia ha dato questa sera. Siamo uomini, non bestie. Triste notte üí§ [URL]	Appeal-to-emotion	Appeal-to-emotion|Loaded-language
23	2022-03	migration	A tutti quei #moralisti da quattro soldi che asseriscono ‚Äú Poich√© √® un #senatore della #repubblica #Salvini va difeso e non preso in giro‚Äù‚Ä¶gli dedico un sonoro #vaffanculo !!! Si ricordino pure di quando #derideva e #insultava i #terroni, gli #immigrati, gli #LGBTQ. !!!	Loaded-language|Name-calling-or-labelling|Strawman|Vagueness	Loaded-language|Name-calling-or-labelling|Strawman
138	2022-02	climate change	Siamo gi√† tante e tanti, trasversalmente alle forze sociali e politiche, a condividere una visione comune, che tenga insieme #giustiziasociale e #giustiziaclimatica.  Incontriamoci, discutiamone, proviamo a unire gli sforzi su battaglie comuni e proposte concrete. #VisioneComune [URL]	Flag-waving	Flag-waving|Vagueness
1287	2019-09	climate change	Si chiama Potito, ha 12 anni, e con un cartellone questa mattina ha manifestato da solo in piazza a Stornarella, in provincia di Foggia, contro i cambiamenti climatici.   Gli eroi son tutti giovani e belli.  Buonanotte. ‚ù§Ô∏è #FridaysForFuture #ClimateStrikes [URL]	Appeal-to-emotion|Hasty-generalization	Appeal-to-emotion|Flag-waving|Hasty-generalization|Loaded-language
416	2021-06	migration	Conflitti e persecuzioni hanno costretto oltre 80 milioni di persone nel mondo a fuggire dalle loro case. Oggi #20giugno #GiornataMondialedelRifugiato Focsiv si unisce a [USER] nel chiedere la loro piena inclusione in ogni ambito della societ√†.#WorldRefugeeDay #WithRefugees [URL]	Slogan	Appeal-to-emotion|Slogan
282	2022-05	public health	Dati ufficiali Istituto Superiore Sanit√†: il 69,4% dei contagi #Covid 1 Aprile - 1 Maggio sono vaccinati con 3 o 4 dosi, i quali sono il 67,4% della popolazione. [URL]		
324	2022-09	public health	Su Rai 1 riprendono la propaganda per la quarta dose che consigliano a tutti ma soprattutto a chi ha problemi di salute! Non vaccinatevi perch√© questo falso vaccino abbassa le difese immunitarie e se abbiamo qualche problema di salute questo prende il sopravvento e ci manda üíÄ	Appeal-to-emotion|Evading-the-burden-of-proof|Name-calling-or-labelling|Vagueness	Appeal-to-emotion|Evading-the-burden-of-proof|Name-calling-or-labelling|Vagueness
986	2020-03	public health	"√à ufficiale: ""poco pi√π di un influenza""  √® diventata una #pandemia. Informate l'esercito degli involtini primavera"	Name-calling-or-labelling|Vagueness	Loaded-language|Name-calling-or-labelling|Vagueness
1156	2019-08	migration	Santa Carola Protrettrice dei Rifugiati apparsa questa notte a Taormina. [URL]		
1169	2019-09	migration	Con il #Conte2 si torna al ‚Äúpatto Bonino‚Äù sui #migranti: l‚ÄôItalia li accoglie tutti e ridiventa il campo profughi d‚ÄôEuropa, la #UE ricollocher√† il 25% degli aventi diritto all‚Äôasilo, meno del 15% del totale.  Grazie [USER] ! ‚ÄúObiettivo sbarchi zero‚Äù raggiunto come promesso! [URL]	Appeal-to-emotion|False-analogy|Name-calling-or-labelling|Red-herring|Slippery-slope|Vagueness	Appeal-to-emotion|Doubt|Evading-the-burden-of-proof|Hasty-generalization|Loaded-language|Name-calling-or-labelling|Slippery-slope
521	2021-05	climate change	ClimateChange a Cervinia. Siamo a met√† maggio, e nevica.  Strano, lo faceva anche 50 anni fa. Per√≤ adesso sicuramente hastato il surriscaldamento. [URL]	Cherry-picking|False-analogy|Hasty-generalization|Loaded-language	Cherry-picking|False-analogy|Hasty-generalization|Loaded-language
1243	2019-05	climate change	"prima di votare pd o +europa ricordate questo: #renzi: ""le nostre battaglie in UE non erano per il bene dell'Italia ma dell'Europa"" #bonino: ""abbiamo chiesto noi di far sbarcare tutti in Italia"" #gentiloni: ""dobbiamo accoglierli perch√® scappano dai cambiamenti climatici"""	Appeal-to-emotion|Hasty-generalization|Loaded-language|Strawman	Hasty-generalization|Loaded-language|Strawman
438	2021-08	migration	Comunque io, per la grande rimpatriata di luned√¨ 23, potrei avere trovato nei meandri del mio telefonino qualche inedito da ‚Äústappare‚Äù per l‚Äôoccasione, come fosse una bottiglia di quelle tenute via per le serate speciali‚Ä¶ #ilCircolodegliAnelli [USER]		Loaded-language
783	2020-07	migration	Sull‚Äôimmigrato che arrostisce il gatto per strada ho letto assurde giustificazioni e dichiarazioni: ‚Äúaveva fame‚Äù, ‚Äúdalle sue parti √® normale‚Äù, ‚Äúsono vegetariana ma lo comprendo‚Äù. In certe parti del mondo sono normali pure lapidazione, legge del taglione, spose bambine. Quindi?	Appeal-to-emotion|Doubt|Name-calling-or-labelling|Red-herring|Vagueness	Appeal-to-emotion|Doubt|False-analogy|Loaded-language|Name-calling-or-labelling|Red-herring|Vagueness
1015	2020-06	public health	Zingaretti da prendere a sberle parla di migliorare la sanit√† proprio lui che l‚Äôha distrutta! Si pu√≤ essere pi√π infami?	Ad-hominem|Doubt|Loaded-language|Vagueness	Ad-hominem|Doubt|Hasty-generalization|Loaded-language|Vagueness
82	2022-09	migration	Ieri odiavamo gli immigrati che prendevano i famigerati 35 euro, oggi i percettori del #redditodicittadinanza, √® finita la stagione del 'Prima gli italiani', adesso parte quella del 'Prima gli italiani ma solo se imprenditori ed evasori fiscali'	Loaded-language|Vagueness	Hasty-generalization|Loaded-language|Slippery-slope|Slogan
1078	2020-12	public health	Ho fatto tutti i vaccini, tutti i richiami, tutto il possibile, far√≤ il vaccino contro il COVID-19 appena mi sar√† possibile perch√© la scienza √® l‚Äôunica risposta possibile a questa vita e alla sua sopravvivenza.	Hasty-generalization	Hasty-generalization|Vagueness
1163	2019-09	migration	Con il Presidente [USER] condividiamo la necessit√† di una nuova stagione europea. Rilancio degli investimenti e della crescita economica e una gestione europea della redistribuzione e dei rimpatri dei migranti. Cominciamo a voltare pagina. [URL]	Appeal-to-emotion	Appeal-to-emotion|Loaded-language
536	2021-06	climate change	La marcia popolare #notav in #valsusa √® appena iniziata. Migliaia di persone hanno raggiunto la Valle per ribadire la contrariet√† al #tav. La transizione ecologica non pu√≤ passare per infrastrutture invasive e inquinanti.  [USER] [URL]	Loaded-language|Name-calling-or-labelling	Flag-waving|Name-calling-or-labelling|Vagueness
751	2020-04	migration	Con la scusa della epidemia vogliono regolarizzare subito 600 mila immigrati irregolari. Come se la sanatoria fosse per loro un vaccino. Allora sarebbe invasione. Dicono ‚Äútanto le nostre frontiere sono chiuse‚Äù.Chiuse un tubo.Ogni giorno sbarchi di clandestini	Causal-oversimplification|False-analogy|Loaded-language|Name-calling-or-labelling|Strawman|Thought-terminating-cliches	Causal-oversimplification|Doubt|Evading-the-burden-of-proof|False-analogy|Hasty-generalization|Loaded-language|Name-calling-or-labelling|Slippery-slope|Vagueness
893	2020-06	climate change	Oggi √® la Giornata Mondiale dell‚ÄôAmbiente. Non abbiamo un piano B, √® il momento di scelte coraggiose. La ripresa post pandemia deve essere l'occasione per investire su un modello di sviluppo sostenibile, con al centro l'uomo e l'ambiente.  #giornatamondialedellambiente	Appeal-to-emotion	Appeal-to-emotion|Loaded-language
918	2020-08	climate change	Oggi l‚Äôennesimo scemo del villaggio ha cercato di spiegarmi che lui √® contro le mascherine perch√©, cito, ‚Äúl‚Äôanidride carbonica secondo te sale o scende?‚Äù	Doubt|Loaded-language|Name-calling-or-labelling	Loaded-language
1403	2019-09	public health	Sono stata a #Napoli per approfondire i temi della #Sanit√† digitale, di cui avremo modo di parlare prossimamente. #Italia5Stelle #Puglia #M5S #InAltoICuori LEGGI QUI: [URL] [URL]	Appeal-to-emotion|Flag-waving|Loaded-language|Slogan	Appeal-to-emotion|Flag-waving|Loaded-language|Slogan
1327	2019-01	public health	"Il cambiamento degli stili alimentari degli italiani e l‚Äôobesit√†, fattore di rischio per molte malattie, sono preoccupanti. √à essenziale promuovere attivamente l‚Äôeducazione alimentare e i corretti stili di vita. Presentazione del rapporto ‚ÄúI nuovi stili alimentari degli italiani"" [URL]"	Appeal-to-authority	Appeal-to-emotion
431	2021-08	migration	Commosso nel sentire che la mamma di #FaustineDesalu non pu√≥ essere presente a #ilcircolodeglianelli perch√© lavora come badante di una persona anziana. Mamma nigeriana che ha cresciuto questo campione olimpico italiano. Orgoglio da figlio di immigrati extracomunitari! #unodinoi	Appeal-to-emotion|Flag-waving|Slogan	Appeal-to-emotion|Flag-waving|Slogan
1351	2019-04	public health	Approvato oggi in Cdm qui a Reggio il #DecretoCalabria. Restituiamo ai cittadini di questa regione un diritto per troppo tempo negato, quello alla Salute. E continuiamo a lavorare per ripristinare legalit√†, efficienza, merito e trasparenza nel mondo della sanit√† pubblica [URL]	Appeal-to-emotion|Loaded-language	Appeal-to-emotion
1265	2019-07	climate change	Squadra speciale per emergenze in caso di alluvione üò±üò±üò± [URL]	Appeal-to-emotion	Appeal-to-emotion
997	2020-04	public health	Sono partiti con un ospedale in Fiera che doveva avere 600 posti letto. Poi sono scesi a 300 . √à tornato Bertolaso i posti sono scesi a 250 . Ieri hanno fatto l'inaugurazione per 25 posti letto . √à vero o √® una fake ?C'erano tanti cojoni vicini vicini per 25 posti letto?üò≥üò∑üôÑ	Appeal-to-emotion|Doubt|Loaded-language|Vagueness	Appeal-to-emotion|Doubt|Evading-the-burden-of-proof|False-dilemma|Loaded-language
87	2022-09	migration	‚Äú√à l‚Äôuna di notte e 80 bambini stanno morendo su una barca con 250 persone che chiedono aiuto‚Äù E forse non sono bastate le lacrime dei 4 bambini morti di sete in questi giorni. √à l‚Äôuna di notte e l‚Äôumanit√† muore con questi bambini [USER] #migranti [URL]	Appeal-to-emotion	Appeal-to-emotion
1429	2019-11	public health	Un Falcon 50 dell'#AeronauticaMilitare, decollato da Olbia per effettuare il #TrasportoSanitarioUrgente di un un uomo in imminente pericolo di vita, √® appena atterrato a Milano. L'uomo sar√† successivamente trasferito all'ospedale San Raffaele #latuasquadrachevola [URL]	Flag-waving	Appeal-to-emotion|Flag-waving|Slogan
361	2021-01	migration	Alle prossime elezioni sarebbe bello vedere anche pi√π persone candidate LGBTQ, immigrate o figlie di immigrati, nere e una maggior presenza anche di donne. Penso che sarebbe bello per tutti avere pi√π rappresentazione	Appeal-to-emotion	Appeal-to-emotion
166	2022-05	climate change	Il Presidente [USER] √® intervenuto oggi all‚ÄôEDFI Annual Meeting:‚Äú#SIMEST √® stata tra le prime istituzioni ad aderire a EDFI. In questi anni insieme a [USER] e #EDFInetwork ha supportato il settore privato per promuovere lo sviluppo sostenibile nei paesi in via di sviluppo‚Äù [URL]		
1017	2020-06	public health	Ma l‚Äôha detto davvero? Dico, davvero Gallera ha detto che ringrazia i privati ‚Äúperch√© hanno aperto le loro terapie intensive e le loro stanze lussuose ai pazienti ordinari‚Äù?  Tralasciando le stanze ‚Äúlussuose‚Äù, ma davvero, secondo Gallera, esistono pazienti di diverse categorie?	Doubt|Loaded-language	Appeal-to-emotion|Doubt|Loaded-language
1276	2019-08	climate change	- Invasione di formiche alate (normale a giugno, ma ora siamo in agosto!) - zero olive e mele sugli alberi - Tutte le rose fiorite in luglio - uccelli mai visti prima  #lavitaincampagna √® sconvolta dai #cambiamenticlimatici e sono preoccupata. Da voi come va?	Appeal-to-emotion|Loaded-language|Vagueness	Appeal-to-emotion|Vagueness
1350	2019-03	public health	Stop a #ListeDAttesa infinite per le visite ospedaliere. Il Policlinico di #Bari pi√π efficiente del Governo Regionale. #AgendeChiuse #Sanit√† #Salute #M5S [USER] [USER] [USER] LEGGI QUI: [URL] [URL]	Evading-the-burden-of-proof|Loaded-language	Evading-the-burden-of-proof|Flag-waving|Loaded-language|Slogan
474	2021-12	migration	Io non ci posso credere, rifugiatevi nelle chiese! [URL]	Appeal-to-emotion	Appeal-to-emotion|Vagueness
845	2020-01	climate change	Sostenere che l‚ÄôAustralia √® divorata dalle fiamme a causa del riscaldamento globale √® un po‚Äô come sostenere che la guerra in Libia √® tutta colpa di Matteo Salvini.  Vedo la gente scema.	Appeal-to-emotion|Causal-oversimplification|False-analogy|Hasty-generalization|Loaded-language	Appeal-to-emotion|Causal-oversimplification|False-analogy|Hasty-generalization|Loaded-language
713	2021-12	public health	‚ÄúSprecare l‚Äôopportunit√† del vaccino √® un‚Äôoffesa per chi non riesce ad averla‚Äù.  Gol nel sette di #Mattarella.	Appeal-to-authority|Appeal-to-emotion|Loaded-language	Appeal-to-authority|Loaded-language
975	2020-02	public health	Dopo soli 29 anni, un signore di nome Poggiolini, ex dg del ministero della sanit√†, √® stato assolto da un processo che all‚Äôepoca lo fece odiare da tutta Italia, sul sangue infetto. Ha 90 anni. Un terzo della sua vita. Una lunga vita. Per fortuna non c‚Äôera la prescrizione, no?	Appeal-to-emotion|Doubt|Hasty-generalization|Loaded-language|Thought-terminating-cliches	Appeal-to-emotion|Doubt|Hasty-generalization|Loaded-language
878	2020-04	climate change	L'occasione potrebbe esser quella buona per avere, anche in eurozona, l'avvio di interventi federali (sanit√†, ammortizzatori sociali) sul territorio dei vari Stati, finanziati con tasse federali e emissione di bond federali.  Si renderebbe cos√¨ l'unione monetaria pi√π stabile	Evading-the-burden-of-proof	Evading-the-burden-of-proof|Vagueness
1335	2019-02	public health	Mattinata complicata al pronto soccorso, la febbre non scende, ma la ferita dell'intervento √® perfetta... Solo terapia mirata per influenza ... Passer√† ...deve passare üí™üí™üí™	Appeal-to-emotion	Appeal-to-emotion
1201	2019-01	climate change	#Bolsonaro regala l'Amazzonia agli speculatori che la disboscheranno, il polmone verde del mondo muore ed a cascata la desertificazione  ed il pianeta √® fottuto con qualche miliardo di anni d'anticipo! Per√≤  sparir√† il commmunismo!! contenti voi #facciamorete #14gennaio	Appeal-to-emotion|Loaded-language|Name-calling-or-labelling|Red-herring|Slippery-slope|Slogan|Strawman|Thought-terminating-cliches|Vagueness	Appeal-to-emotion|Loaded-language|Name-calling-or-labelling|Red-herring|Slippery-slope|Slogan|Thought-terminating-cliches|Vagueness
